,HTP,ATP,HTGD,ATGD,HHGD,AHGD,DiffPts,DiffFormPts
mean,1.3225806451612905,1.3448275862068966,-0.0625,0.0,0.0,0.0,0.0,0.0
std,0.592911826797352,0.5894467847851352,0.8134983114511736,0.818400612266183,0.4276190054446532,0.42739132650016687,0.7306728121108543,0.4478747286845447
