,HTP,HTFormPts,Prob_H,B365H,B365D,B365A,ATP,ATFormPts,Delta_Prob_HD,Delta_Prob_HA,DiffFormPts,DiffPts,Odds_HD_Diff,Odds_HA_Diff,Strength_Index_Away,Away_GD_Last5_Avg,ATWinStreak5,ATGD,AHGD,Prob_D
mean,3.0296718517652255,6.3835220125786165,0.4467214745795939,2.7773676729559744,7.757987124829736e-15,4.785563647798742,3.0700811510489556,6.3084276729559745,0.19646607632523794,0.14369834741354376,0.0060232596594597156,-0.04040929928373046,-1.2368316981132077,-2.0081959748427676,0.19340754716981137,-0.004351754459451493,0.023144654088050314,0.05510161379564995,0.022109486543250473,0.2502553982543559
std,6.056528594637139,3.6969414756894428,0.18804189873462718,1.9452139302663154,0.9999999999999991,4.000580922773547,6.2396426250361605,3.68549315450975,0.21552389773832095,0.3549714705401293,0.45315522208606845,3.1675078551628904,2.2788032137274628,5.24814908644405,0.3124437035172391,1.035997844249218,0.15036282477791774,3.4231801352262603,1.6213480638048239,0.047424718631093994
