,FTHG,FTAG,HTGS,ATGS,HTGC,ATGC,HHGS,AHGS,HHGC,AHGC,HTP,ATP,HTFormPts,ATFormPts,HTWinStreak3,HTWinStreak5,HTLossStreak3,HTLossStreak5,ATWinStreak3,ATWinStreak5,ATLossStreak3,ATLossStreak5,HTGD,ATGD,HHGD,AHGD,DiffPts,DiffFormPts
mean,1.0,1.0,22.0,22.0,22.0,22.0,9.0,9.0,10.0,10.0,1.1875,1.2,6.0,6.0,0.0,0.0,0.0,0.0,0.0,0.0,0.0,0.0,-0.0294117647058823,0.0,0.0,0.0,0.0,0.0
std,1.2249128324181002,1.1128336294706938,16.760268387161755,16.749152376026046,16.121331530761438,16.078073256927194,7.85922213000415,7.873467270523496,7.432811480545316,7.426937812839997,0.5567124605108645,0.5512082862123403,3.572557681485242,3.5729428034517143,0.2318186705938297,0.12892331521345488,0.22747414887751105,0.09916043893211182,0.2378194984386298,0.13370152161512389,0.21226380565333036,0.09187048232240805,0.6821297350415594,0.6823557038234114,0.3855585776496926,0.3859660521079013,0.702427968734954,0.4182043354220891
