,HTP,ATP,HTGD,ATGD,HHGD,AHGD,DiffPts,DiffFormPts
mean,1.1863425925925926,1.2,-0.1,-0.0714285714285714,0.0,0.0,0.0,0.0
std,0.52406092268132,0.5219265064404801,0.6951521436200765,0.6947716550221368,0.36856631579603116,0.3680890969100113,0.6595742183816575,0.4058358013988363
