,HTP,HTFormPts,Prob_H,B365H,B365D,B365A,ATP,ATFormPts,Delta_Prob_HD,Delta_Prob_HA,DiffFormPts,DiffPts,Odds_HD_Diff,Odds_HA_Diff,Strength_Index_Away,Away_GD_Last5_Avg,ATWinStreak5,ATGD,AHGD,Prob_D
mean,1.2043480770746022,6.1695556640625,0.44549004728975966,2.627242807171109,-9.242396615833509e-15,4.540499933460442,1.2223164911371913,6.3671875,0.1819437907461695,0.15452635112310945,-0.0198673208295154,-0.017968414062589026,-1.1564814240106793,-1.9132571262893325,0.20689636230468755,0.04193041345476746,0.0184326171875,0.012677170173407604,0.007398523174566962,0.2635462565435901
std,0.5563775150683947,3.577911551743115,0.17674512474596116,1.6091914171279786,1.0000000000000477,3.2171134931568766,0.5511215681557311,3.5773999674824943,0.21210011617317545,0.3261945035069886,0.4117522021531692,0.7021766563745602,2.0936341946225796,4.32701085811218,0.28240144398168027,0.9343731717732678,0.13450968668136537,0.6772470651857415,0.3729440924016395,0.054597734845344116
